{"cameraMode":{"drawMode":0,"name":"Shaded","section":"Shading Mode"},"sceneLighting":true,"audioPlay":false,"sceneViewState":{"showFog":true,"showMaterialUpdate":false,"showSkybox":true,"showFlares":true,"showImageEffects":true,"showParticleSystems":true},"in2DMode":false,"pivot":{"x":-1.3799999952316285,"y":-0.06139183044433594,"z":0.021569252014160157},"rotation":{"x":-0.08773113042116165,"y":0.8992738723754883,"z":-0.2118016928434372,"w":-0.37249141931533816},"size":11.31164264678955,"orthographic":false}